<?xml version="1.0" encoding="UTF-8"?>
<project-private xmlns="http://www.netbeans.org/ns/project-private/1">
    <editor-bookmarks xmlns="http://www.netbeans.org/ns/editor-bookmarks/2" lastBookmarkId="0"/>
    <open-files xmlns="http://www.netbeans.org/ns/projectui-open-files/2">
        <group>
            <file>file:/home/ashwini/NetBeansProjects/oldage/src/oldage/person.java</file>
            <file>file:/home/ashwini/NetBeansProjects/oldage/src/oldage/Package.java</file>
            <file>file:/home/ashwini/NetBeansProjects/oldage/src/oldage/home.java</file>
            <file>file:/home/ashwini/NetBeansProjects/oldage/src/oldage/Oldage.java</file>
            <file>file:/home/ashwini/NetBeansProjects/oldage/src/oldage/login.java</file>
            <file>file:/home/ashwini/NetBeansProjects/oldage/src/oldage/ADMIN.java</file>
            <file>file:/home/ashwini/NetBeansProjects/oldage/src/oldage/ROOM.java</file>
            <file>file:/home/ashwini/NetBeansProjects/oldage/src/oldage/SERVICES.java</file>
            <file>file:/home/ashwini/NetBeansProjects/oldage/src/oldage/seniorcitizen.java</file>
        </group>
    </open-files>
</project-private>
